,WeightID,AnimalID,DateMeasured,Weight,Colony
0,0,0278,1,2.6,Boffin
1,1,0278,3,2.6,Boffin
2,2,0278,5,2.7,Boffin
3,3,0278,7,2.8,Boffin
4,4,0278,9,3.2,Boffin
5,5,0278,11,3.5,Boffin
6,6,0278,13,3.7,Boffin
7,7,0278,15,4.0,Boffin
8,8,0278,17,4.3,Boffin
9,9,0278,20,5.1,Boffin
10,10,0278,22,5.8,Boffin
11,11,0278,24,6.2,Boffin
12,12,0278,27,7.2,Boffin
13,13,0278,29,7.5,Boffin
14,14,0278,31,8.1,Boffin
15,15,0278,36,9.5,Boffin
16,16,0278,38,9.8,Boffin
17,17,0278,41,10.6,Boffin
18,18,0278,42,10.5,Boffin
19,19,0278,46,11.7,Boffin
20,20,0278,51,13.3,Boffin
21,21,0278,53,13.9,Boffin
22,22,0278,55,14.3,Boffin
23,23,0278,55,14.2,Boffin
24,24,0278,57,14.7,Boffin
25,25,0278,59,15.5,Boffin
26,26,0278,70,18.5,Boffin
27,27,0278,77,20.0,Boffin
28,28,0278,84,21.3,Boffin
29,29,0278,85,21.6,Boffin
30,30,0278,91,22.0,Boffin
31,31,0278,98,23.9,Boffin
32,32,0278,98,23.1,Boffin
33,33,0278,105,25.3,Boffin
34,34,0278,112,27.1,Boffin
35,35,0278,113,26.8,Boffin
36,36,0278,120,27.7,Boffin
37,37,0278,127,28.3,Boffin
38,38,0278,168,34.8,Boffin
39,39,0278,176,36.2,Boffin
40,40,0278,184,35.8,Boffin
41,41,0278,196,38.0,Boffin
42,42,0278,210,41.2,Boffin
43,43,0278,252,43.6,Boffin
44,44,0278,266,44.8,Boffin
45,45,0278,280,45.3,Boffin
46,46,0278,297,49.8,Boffin
47,47,0278,360,52.7,Boffin
48,48,0278,371,52.6,Boffin
49,49,0278,385,51.6,Boffin
50,50,0278,436,54.3,Boffin
51,51,0278,451,55.2,Boffin
52,52,0278,454,56.3,Boffin
53,53,0278,463,57.7,Boffin
54,54,0278,469,57.6,Boffin
55,55,0279,1,2.6,Boffin
56,56,0279,3,2.6,Boffin
57,57,0279,5,2.5,Boffin
58,58,0279,7,2.7,Boffin
59,59,0279,9,3.0,Boffin
60,60,0279,11,3.2,Boffin
61,61,0279,13,3.7,Boffin
62,62,0279,15,3.7,Boffin
63,63,0279,17,4.0,Boffin
64,64,0279,20,4.5,Boffin
65,65,0279,22,5.2,Boffin
66,66,0279,24,5.5,Boffin
67,67,0279,27,6.6,Boffin
68,68,0279,29,6.6,Boffin
69,69,0279,31,7.3,Boffin
70,70,0279,36,8.7,Boffin
71,71,0279,38,9.3,Boffin
72,72,0279,41,9.8,Boffin
73,73,0279,42,9.5,Boffin
74,74,0279,46,11.3,Boffin
75,75,0279,51,12.8,Boffin
76,76,0279,53,13.1,Boffin
77,77,0279,55,13.4,Boffin
78,78,0279,55,13.5,Boffin
79,79,0279,57,13.8,Boffin
80,80,0279,59,14.6,Boffin
81,81,0279,70,17.0,Boffin
82,82,0279,77,18.8,Boffin
83,83,0279,84,19.3,Boffin
84,84,0279,85,19.4,Boffin
85,85,0279,91,20.2,Boffin
86,86,0279,98,21.0,Boffin
87,87,0279,98,20.7,Boffin
88,88,0279,105,21.9,Boffin
89,89,0279,112,24.0,Boffin
90,90,0279,113,22.8,Boffin
91,91,0279,120,23.7,Boffin
92,92,0279,127,23.8,Boffin
93,93,0279,168,27.7,Boffin
94,94,0279,176,28.7,Boffin
95,95,0279,184,28.4,Boffin
96,96,0279,196,29.6,Boffin
97,97,0279,210,30.3,Boffin
98,98,0279,252,31.2,Boffin
99,99,0279,266,32.2,Boffin
100,100,0279,280,32.0,Boffin
101,101,0279,297,34.1,Boffin
102,102,0279,360,37.5,Boffin
103,103,0279,371,40.9,Boffin
104,104,0279,385,41.5,Boffin
105,105,0279,436,48.2,Boffin
106,106,0279,451,47.9,Boffin
107,107,0279,454,48.7,Boffin
108,108,0279,463,48.1,Boffin
109,109,0279,469,49.2,Boffin
110,110,0280,1,2.6,Boffin
111,111,0280,3,2.8,Boffin
112,112,0280,5,2.8,Boffin
113,113,0280,7,2.9,Boffin
114,114,0280,9,3.1,Boffin
115,115,0280,11,3.4,Boffin
116,116,0280,13,3.6,Boffin
117,117,0280,15,3.7,Boffin
118,118,0280,17,4.2,Boffin
119,119,0280,20,4.7,Boffin
120,120,0280,22,5.2,Boffin
121,121,0280,24,5.6,Boffin
122,122,0280,27,6.3,Boffin
123,123,0280,29,7.1,Boffin
124,124,0280,31,7.5,Boffin
125,125,0280,36,8.7,Boffin
126,126,0280,38,9.4,Boffin
127,127,0280,41,9.6,Boffin
128,128,0280,42,9.4,Boffin
129,129,0280,46,11.0,Boffin
130,130,0280,51,12.1,Boffin
131,131,0280,53,12.4,Boffin
132,132,0280,55,13.0,Boffin
133,133,0280,55,12.9,Boffin
134,134,0280,57,13.3,Boffin
135,135,0280,59,14.1,Boffin
136,136,0280,70,16.0,Boffin
137,137,0280,77,17.6,Boffin
138,138,0280,84,18.3,Boffin
139,139,0280,85,18.4,Boffin
140,140,0280,91,19.4,Boffin
141,141,0280,98,21.2,Boffin
142,142,0280,98,20.3,Boffin
143,143,0280,105,21.5,Boffin
144,144,0280,112,23.5,Boffin
145,145,0280,113,22.5,Boffin
146,146,0280,120,23.8,Boffin
147,147,0280,127,24.1,Boffin
148,148,0280,168,29.4,Boffin
149,149,0280,176,30.1,Boffin
150,150,0280,184,29.9,Boffin
151,151,0280,196,31.4,Boffin
152,152,0280,210,32.9,Boffin
153,153,0280,252,34.0,Boffin
154,154,0280,266,34.7,Boffin
155,155,0280,280,33.4,Boffin
156,156,0280,297,36.5,Boffin
157,157,0280,360,36.8,Boffin
158,158,0280,371,37.2,Boffin
159,159,0280,385,39.1,Boffin
160,160,0280,436,42.1,Boffin
161,161,0280,441,43.5,Boffin
162,162,0280,451,42.7,Boffin
163,163,0280,463,43.2,Boffin
164,164,0281,1,2.3,Boffin
165,165,0281,3,2.3,Boffin
166,166,0281,5,2.3,Boffin
167,167,0281,7,2.4,Boffin
168,168,0281,9,2.5,Boffin
169,169,0281,11,2.9,Boffin
170,170,0281,13,3.1,Boffin
171,171,0281,15,3.3,Boffin
172,172,0281,17,3.5,Boffin
173,173,0281,20,4.4,Boffin
174,174,0281,22,4.6,Boffin
175,175,0281,24,5.3,Boffin
176,176,0281,27,5.7,Boffin
177,177,0281,29,6.3,Boffin
178,178,0281,31,6.6,Boffin
179,179,0281,36,7.9,Boffin
180,180,0281,38,8.2,Boffin
181,181,0281,41,8.8,Boffin
182,182,0281,42,8.7,Boffin
183,183,0281,46,10.5,Boffin
184,184,0281,51,12.0,Boffin
185,185,0281,53,12.8,Boffin
186,186,0281,55,13.0,Boffin
187,187,0281,55,13.3,Boffin
188,188,0281,59,14.1,Boffin
189,189,0281,70,16.4,Boffin
190,190,0281,77,17.5,Boffin
191,191,0281,84,18.6,Boffin
192,192,0281,85,18.8,Boffin
193,193,0281,91,19.7,Boffin
194,194,0281,98,21.3,Boffin
195,195,0281,98,21.0,Boffin
196,196,0281,105,21.8,Boffin
197,197,0281,112,23.4,Boffin
198,198,0281,113,22.5,Boffin
199,199,0281,120,24.4,Boffin
200,200,0281,127,24.8,Boffin
201,201,0281,168,27.2,Boffin
202,202,0281,176,28.2,Boffin
203,203,0281,184,27.0,Boffin
204,204,0281,196,28.7,Boffin
205,205,0281,210,29.2,Boffin
206,206,0281,252,28.7,Boffin
207,207,0281,266,28.2,Boffin
208,208,0281,280,26.7,Boffin
209,209,0281,297,29.3,Boffin
210,210,0281,360,30.6,Boffin
211,211,0281,371,29.9,Boffin
212,212,0281,385,31.9,Boffin
213,213,0281,436,33.1,Boffin
214,214,0281,451,35.7,Boffin
215,215,0281,454,36.4,Boffin
216,216,0281,463,35.5,Boffin
217,217,0281,469,37.7,Boffin
218,218,0282,3,2.1,Boffin
219,219,0282,5,2.2,Boffin
220,220,0282,7,2.2,Boffin
221,221,0282,9,2.6,Boffin
222,222,0282,11,2.8,Boffin
223,223,0282,13,3.1,Boffin
224,224,0282,15,3.2,Boffin
225,225,0282,17,3.5,Boffin
226,226,0282,20,4.1,Boffin
227,227,0282,22,4.5,Boffin
228,228,0282,24,5.0,Boffin
229,229,0282,27,5.7,Boffin
230,230,0282,29,6.1,Boffin
231,231,0282,31,6.7,Boffin
232,232,0282,36,7.6,Boffin
233,233,0282,38,7.8,Boffin
234,234,0282,41,8.6,Boffin
235,235,0282,42,8.4,Boffin
236,236,0282,46,9.9,Boffin
237,237,0282,51,11.2,Boffin
238,238,0282,53,11.5,Boffin
239,239,0282,55,11.9,Boffin
240,240,0282,55,11.9,Boffin
241,241,0282,57,12.6,Boffin
242,242,0282,59,13.3,Boffin
243,243,0282,70,14.7,Boffin
244,244,0282,77,16.4,Boffin
245,245,0282,84,17.5,Boffin
246,246,0282,85,17.7,Boffin
247,247,0282,91,18.4,Boffin
248,248,0282,98,19.7,Boffin
249,249,0282,98,19.0,Boffin
250,250,0282,105,20.1,Boffin
251,251,0282,112,21.9,Boffin
252,252,0282,113,21.3,Boffin
253,253,0282,120,22.8,Boffin
254,254,0282,127,23.5,Boffin
255,255,0282,168,27.0,Boffin
256,256,0282,176,27.6,Boffin
257,257,0282,184,27.7,Boffin
258,258,0282,196,28.5,Boffin
259,259,0282,210,29.7,Boffin
260,260,0282,252,31.8,Boffin
261,261,0282,266,29.6,Boffin
262,262,0282,280,31.3,Boffin
263,263,0282,297,34.3,Boffin
264,264,0282,360,40.2,Boffin
265,265,0282,371,42.0,Boffin
266,266,0282,385,43.5,Boffin
267,267,0282,436,47.3,Boffin
268,268,0282,451,48.1,Boffin
269,269,0282,463,48.5,Boffin
270,270,0282,469,48.2,Boffin
271,271,0283,3,1.9,Boffin
272,272,0283,5,1.9,Boffin
273,273,0283,7,1.8,Boffin
274,274,0283,9,2.0,Boffin
275,275,0283,11,2.1,Boffin
276,276,0283,13,2.3,Boffin
277,277,0283,15,2.6,Boffin
278,278,0283,17,2.7,Boffin
279,279,0283,20,3.1,Boffin
280,280,0283,22,3.4,Boffin
281,281,0283,24,3.7,Boffin
282,282,0283,27,4.2,Boffin
283,283,0283,29,4.7,Boffin
284,284,0283,31,5.1,Boffin
285,285,0283,36,5.8,Boffin
286,286,0283,38,6.5,Boffin
287,287,0283,41,6.9,Boffin
288,288,0283,42,6.6,Boffin
289,289,0283,46,7.9,Boffin
290,290,0283,51,9.2,Boffin
291,291,0283,53,9.8,Boffin
292,292,0283,55,10.0,Boffin
293,293,0283,55,10.0,Boffin
294,294,0283,57,10.7,Boffin
295,295,0283,59,10.9,Boffin
296,296,0283,70,12.6,Boffin
297,297,0283,77,13.8,Boffin
298,298,0283,84,14.7,Boffin
299,299,0283,85,14.6,Boffin
300,300,0283,91,15.7,Boffin
301,301,0283,98,17.3,Boffin
302,302,0283,98,16.8,Boffin
303,303,0283,105,17.9,Boffin
304,304,0283,112,19.3,Boffin
305,305,0283,113,18.4,Boffin
306,306,0283,120,20.2,Boffin
307,307,0283,127,20.0,Boffin
308,308,0283,168,24.2,Boffin
309,309,0283,176,25.2,Boffin
310,310,0283,184,24.6,Boffin
311,311,0283,196,24.9,Boffin
312,312,0283,210,26.5,Boffin
313,313,0283,252,28.0,Boffin
314,314,0283,266,26.8,Boffin
315,315,0283,280,27.2,Boffin
316,316,0283,297,30.1,Boffin
317,317,0283,360,34.2,Boffin
318,318,0283,371,35.2,Boffin
319,319,0283,385,35.4,Boffin
320,320,0283,436,38.8,Boffin
321,321,0283,451,38.1,Boffin
322,322,0283,454,39.0,Boffin
323,323,0283,463,39.3,Boffin
324,324,0284,3,2.0,Boffin
325,325,0284,5,2.1,Boffin
326,326,0284,7,2.3,Boffin
327,327,0284,9,2.5,Boffin
328,328,0284,11,2.7,Boffin
329,329,0284,13,2.9,Boffin
330,330,0284,15,3.2,Boffin
331,331,0284,17,3.4,Boffin
332,332,0284,20,3.9,Boffin
333,333,0284,22,4.5,Boffin
334,334,0284,24,4.8,Boffin
335,335,0284,27,5.7,Boffin
336,336,0284,29,6.4,Boffin
337,337,0284,31,6.8,Boffin
338,338,0284,36,7.9,Boffin
339,339,0284,38,8.2,Boffin
340,340,0284,41,8.8,Boffin
341,341,0284,42,8.4,Boffin
342,342,0284,46,9.9,Boffin
343,343,0284,51,11.6,Boffin
344,344,0284,53,11.9,Boffin
345,345,0284,55,12.4,Boffin
346,346,0284,55,12.7,Boffin
347,347,0284,57,13.3,Boffin
348,348,0284,59,13.5,Boffin
349,349,0284,70,15.6,Boffin
350,350,0284,77,16.8,Boffin
351,351,0284,84,18.0,Boffin
352,352,0284,85,18.5,Boffin
353,353,0284,91,19.7,Boffin
354,354,0284,98,20.3,Boffin
355,355,0284,98,20.3,Boffin
356,356,0284,105,20.4,Boffin
357,357,0284,112,22.0,Boffin
358,358,0284,113,21.2,Boffin
359,359,0284,120,22.4,Boffin
360,360,0284,127,23.3,Boffin
361,361,0284,168,27.2,Boffin
362,362,0284,184,28.1,Boffin
363,363,0284,196,28.5,Boffin
364,364,0284,210,30.1,Boffin
365,365,0284,252,31.2,Boffin
366,366,0284,266,31.7,Boffin
367,367,0284,280,31.2,Boffin
368,368,0284,297,33.2,Boffin
369,369,0284,360,35.6,Boffin
370,370,0284,371,36.1,Boffin
371,371,0284,385,36.2,Boffin
372,372,0284,436,39.1,Boffin
373,373,0284,451,40.1,Boffin
374,374,0284,463,40.0,Boffin
375,375,0285,3,1.8,Boffin
376,376,0285,5,1.8,Boffin
377,377,0285,7,1.9,Boffin
378,378,0285,9,2.2,Boffin
379,379,0285,11,2.5,Boffin
380,380,0285,13,2.6,Boffin
381,381,0285,15,2.8,Boffin
382,382,0285,17,3.0,Boffin
383,383,0285,20,3.4,Boffin
384,384,0285,22,3.8,Boffin
385,385,0285,24,4.2,Boffin
386,386,0285,27,4.8,Boffin
387,387,0285,29,5.1,Boffin
388,388,0285,31,5.7,Boffin
389,389,0285,36,6.4,Boffin
390,390,0285,38,6.7,Boffin
391,391,0285,41,7.4,Boffin
392,392,0285,42,7.1,Boffin
393,393,0285,46,8.2,Boffin
394,394,0285,51,9.6,Boffin
395,395,0285,53,9.9,Boffin
396,396,0285,55,10.6,Boffin
397,397,0285,55,10.7,Boffin
398,398,0285,57,11.0,Boffin
399,399,0285,59,11.7,Boffin
400,400,0285,70,14.0,Boffin
401,401,0285,77,15.1,Boffin
402,402,0285,84,15.7,Boffin
403,403,0285,85,15.9,Boffin
404,404,0285,91,17.3,Boffin
405,405,0285,98,18.3,Boffin
406,406,0285,105,19.3,Boffin
407,407,0285,112,20.4,Boffin
408,408,0285,113,19.5,Boffin
409,409,0285,120,21.1,Boffin
410,410,0285,127,21.0,Boffin
411,411,0285,168,25.7,Boffin
412,412,0285,176,26.3,Boffin
413,413,0285,184,26.2,Boffin
414,414,0285,196,28.2,Boffin
415,415,0285,210,29.9,Boffin
416,416,0285,252,31.4,Boffin
417,417,0285,266,32.8,Boffin
418,418,0285,280,32.8,Boffin
419,419,0285,297,36.3,Boffin
420,420,0285,360,39.4,Boffin
421,421,0285,371,39.6,Boffin
422,422,0285,385,40.2,Boffin
423,423,0285,436,43.2,Boffin
424,424,0285,451,43.7,Boffin
425,425,0285,463,45.6,Boffin
426,426,0285,469,48.4,Boffin
427,427,0321,1,2.4,Lannister
428,428,0321,3,2.2,Lannister
429,429,0321,7,2.4,Lannister
430,430,0321,9,2.6,Lannister
431,431,0321,11,2.8,Lannister
432,432,0321,13,2.9,Lannister
433,433,0321,15,3.1,Lannister
434,434,0321,19,3.6,Lannister
435,435,0321,21,3.8,Lannister
436,436,0321,23,4.1,Lannister
437,437,0321,25,4.25,Lannister
438,438,0321,27,4.65,Lannister
439,439,0321,29,4.9,Lannister
440,440,0321,31,5.3,Lannister
441,441,0321,34,5.5,Lannister
442,442,0321,36,6.32,Lannister
443,443,0321,36,5.8,Lannister
444,444,0321,43,6.0,Lannister
445,445,0321,49,6.4,Lannister
446,446,0321,54,6.7,Lannister
447,447,0321,63,8.2,Lannister
448,448,0321,74,10.0,Lannister
449,449,0321,77,10.4,Lannister
450,450,0321,98,13.6,Lannister
451,451,0321,114,16.3,Lannister
452,452,0321,127,16.3,Lannister
453,453,0321,140,19.4,Lannister
454,454,0321,155,21.6,Lannister
455,455,0321,167,22.7,Lannister
456,456,0321,183,23.6,Lannister
457,457,0321,196,24.8,Lannister
458,458,0321,209,24.9,Lannister
459,459,0321,223,25.6,Lannister
460,460,0321,237,27.2,Lannister
461,461,0321,251,26.8,Lannister
462,462,0322,1,2.1,Lannister
463,463,0322,3,1.8,Lannister
464,464,0322,7,2.0,Lannister
465,465,0322,9,2.1,Lannister
466,466,0322,11,2.35,Lannister
467,467,0322,13,2.4,Lannister
468,468,0322,15,2.5,Lannister
469,469,0322,19,2.9,Lannister
470,470,0322,21,3.0,Lannister
471,471,0322,23,3.2,Lannister
472,472,0322,25,3.4,Lannister
473,473,0322,27,3.7,Lannister
474,474,0322,29,4.0,Lannister
475,475,0322,31,4.5,Lannister
476,476,0322,34,4.8,Lannister
477,477,0322,36,4.92,Lannister
478,478,0322,36,4.85,Lannister
479,479,0322,43,5.8,Lannister
480,480,0322,49,5.9,Lannister
481,481,0322,54,6.7,Lannister
482,482,0322,63,7.5,Lannister
483,483,0322,74,9.3,Lannister
484,484,0322,77,10.2,Lannister
485,485,0322,98,13.1,Lannister
486,486,0322,114,16.3,Lannister
487,487,0322,127,16.7,Lannister
488,488,0322,140,19.6,Lannister
489,489,0322,155,22.1,Lannister
490,490,0322,167,23.2,Lannister
491,491,0322,183,24.1,Lannister
492,492,0322,196,25.9,Lannister
493,493,0322,209,27.1,Lannister
494,494,0322,223,27.5,Lannister
495,495,0322,237,28.1,Lannister
496,496,0322,251,29.3,Lannister
497,497,0323,1,2.5,Lannister
498,498,0323,3,2.5,Lannister
499,499,0323,7,2.6,Lannister
500,500,0323,9,2.8,Lannister
501,501,0323,11,2.9,Lannister
502,502,0323,13,3.1,Lannister
503,503,0323,15,3.2,Lannister
504,504,0323,19,3.8,Lannister
505,505,0323,21,4.0,Lannister
506,506,0323,23,4.3,Lannister
507,507,0323,25,4.6,Lannister
508,508,0323,27,4.9,Lannister
509,509,0323,29,5.15,Lannister
510,510,0323,31,5.7,Lannister
511,511,0323,34,6.0,Lannister
512,512,0323,36,6.35,Lannister
513,513,0323,36,6.2,Lannister
514,514,0323,43,7.4,Lannister
515,515,0323,49,8.1,Lannister
516,516,0323,54,8.5,Lannister
517,517,0323,63,9.4,Lannister
518,518,0323,74,10.7,Lannister
519,519,0323,77,11.0,Lannister
520,520,0323,98,14.6,Lannister
521,521,0323,114,18.0,Lannister
522,522,0323,127,18.1,Lannister
523,523,0323,140,22.1,Lannister
524,524,0323,155,23.7,Lannister
525,525,0323,167,24.9,Lannister
526,526,0323,183,26.3,Lannister
527,527,0323,196,28.0,Lannister
528,528,0323,209,27.4,Lannister
529,529,0323,223,28.9,Lannister
530,530,0323,237,30.4,Lannister
531,531,0323,251,30.7,Lannister
532,532,0324,1,2.3,Lannister
533,533,0324,3,2.2,Lannister
534,534,0324,8,2.3,Lannister
535,535,0324,9,2.5,Lannister
536,536,0324,11,2.7,Lannister
537,537,0324,13,2.8,Lannister
538,538,0324,15,3.1,Lannister
539,539,0324,19,3.6,Lannister
540,540,0324,21,3.86,Lannister
541,541,0324,23,4.1,Lannister
542,542,0324,25,4.65,Lannister
543,543,0324,27,5.0,Lannister
544,544,0324,29,5.2,Lannister
545,545,0324,31,5.5,Lannister
546,546,0324,34,5.5,Lannister
547,547,0324,36,5.72,Lannister
548,548,0324,36,5.5,Lannister
549,549,0324,43,6.4,Lannister
550,550,0324,49,6.6,Lannister
551,551,0324,54,7.7,Lannister
552,552,0324,63,8.5,Lannister
553,553,0324,74,11.0,Lannister
554,554,0324,77,11.1,Lannister
555,555,0324,98,14.1,Lannister
556,556,0324,114,17.7,Lannister
557,557,0324,127,17.4,Lannister
558,558,0324,140,20.2,Lannister
559,559,0324,155,22.6,Lannister
560,560,0324,167,23.7,Lannister
561,561,0324,183,23.8,Lannister
562,562,0324,196,25.5,Lannister
563,563,0324,209,25.9,Lannister
564,564,0324,223,26.6,Lannister
565,565,0324,237,28.3,Lannister
566,566,0324,251,28.4,Lannister
567,567,0325,1,2.4,Lannister
568,568,0325,3,2.3,Lannister
569,569,0325,7,2.5,Lannister
570,570,0325,9,2.6,Lannister
571,571,0325,11,2.8,Lannister
572,572,0325,13,2.9,Lannister
573,573,0325,15,3.1,Lannister
574,574,0325,19,3.6,Lannister
575,575,0325,21,3.9,Lannister
576,576,0325,23,4.2,Lannister
577,577,0325,25,4.7,Lannister
578,578,0325,27,4.6,Lannister
579,579,0325,29,4.9,Lannister
580,580,0325,31,5.3,Lannister
581,581,0325,34,5.1,Lannister
582,582,0325,36,5.32,Lannister
583,583,0325,36,5.2,Lannister
584,584,0325,48,6.6,Lannister
585,585,0325,49,6.6,Lannister
586,586,0325,54,7.1,Lannister
587,587,0325,63,7.8,Lannister
588,588,0325,74,10.3,Lannister
589,589,0325,77,10.7,Lannister
590,590,0325,98,14.7,Lannister
591,591,0325,114,18.1,Lannister
592,592,0325,127,17.9,Lannister
593,593,0325,140,21.2,Lannister
594,594,0325,155,23.4,Lannister
595,595,0325,167,24.9,Lannister
596,596,0325,183,27.7,Lannister
597,597,0325,196,27.8,Lannister
598,598,0325,209,28.0,Lannister
599,599,0325,223,28.9,Lannister
600,600,0325,237,30.4,Lannister
601,601,0325,251,30.8,Lannister
602,602,0326,1,1.9,Lannister
603,603,0326,3,1.8,Lannister
604,604,0326,7,1.8,Lannister
605,605,0326,9,1.8,Lannister
606,606,0326,11,2.0,Lannister
607,607,0326,13,2.1,Lannister
608,608,0326,15,2.3,Lannister
609,609,0326,19,2.65,Lannister
610,610,0326,21,2.77,Lannister
611,611,0326,23,3.0,Lannister
612,612,0326,25,3.1,Lannister
613,613,0326,27,3.4,Lannister
614,614,0326,29,3.7,Lannister
615,615,0326,31,4.1,Lannister
616,616,0326,34,4.6,Lannister
617,617,0326,36,4.63,Lannister
618,618,0326,36,4.25,Lannister
619,619,0326,48,5.45,Lannister
620,620,0326,49,5.6,Lannister
621,621,0326,54,6.0,Lannister
622,622,0326,63,6.7,Lannister
623,623,0326,74,8.6,Lannister
624,624,0326,77,8.9,Lannister
625,625,0326,98,11.9,Lannister
626,626,0326,114,15.4,Lannister
627,627,0326,127,15.3,Lannister
628,628,0326,140,18.3,Lannister
629,629,0326,155,19.9,Lannister
630,630,0326,167,20.3,Lannister
631,631,0326,183,21.3,Lannister
632,632,0326,196,21.7,Lannister
633,633,0326,209,22.4,Lannister
634,634,0326,223,23.0,Lannister
635,635,0326,237,24.1,Lannister
636,636,0326,251,24.6,Lannister
637,637,0327,7,2.6,Lannister
638,638,0327,11,2.9,Lannister
639,639,0327,13,3.1,Lannister
640,640,0327,15,3.3,Lannister
641,641,0327,19,3.75,Lannister
642,642,0327,21,4.0,Lannister
643,643,0327,23,4.3,Lannister
644,644,0327,25,4.5,Lannister
645,645,0327,27,5.0,Lannister
646,646,0327,29,5.4,Lannister
647,647,0327,31,5.6,Lannister
648,648,0327,34,5.85,Lannister
649,649,0327,36,5.67,Lannister
650,650,0327,36,5.6,Lannister
651,651,0327,48,6.5,Lannister
652,652,0327,49,6.5,Lannister
653,653,0327,54,7.9,Lannister
654,654,0327,63,8.6,Lannister
655,655,0327,74,11.0,Lannister
656,656,0327,77,11.0,Lannister
657,657,0327,98,13.7,Lannister
658,658,0327,114,17.3,Lannister
659,659,0327,127,17.1,Lannister
660,660,0327,140,20.5,Lannister
661,661,0327,155,22.6,Lannister
662,662,0327,167,23.6,Lannister
663,663,0327,183,25.2,Lannister
664,664,0327,196,26.3,Lannister
665,665,0327,209,26.8,Lannister
666,666,0327,223,27.0,Lannister
667,667,0327,237,29.2,Lannister
668,668,0327,251,29.3,Lannister
669,669,0328,7,2.3,Lannister
670,670,0328,11,2.6,Lannister
671,671,0328,13,2.7,Lannister
672,672,0328,15,3.0,Lannister
673,673,0328,19,3.4,Lannister
674,674,0328,21,3.56,Lannister
675,675,0328,23,3.8,Lannister
676,676,0328,25,4.2,Lannister
677,677,0328,27,4.3,Lannister
678,678,0328,29,4.5,Lannister
679,679,0328,31,4.9,Lannister
680,680,0328,34,4.9,Lannister
681,681,0328,36,5.03,Lannister
682,682,0328,36,4.9,Lannister
683,683,0328,48,5.4,Lannister
684,684,0328,49,5.1,Lannister
685,685,0328,54,5.5,Lannister
686,686,0328,63,6.2,Lannister
687,687,0328,74,7.7,Lannister
688,688,0328,77,8.0,Lannister
689,689,0328,98,11.7,Lannister
690,690,0328,114,14.7,Lannister
691,691,0328,127,15.0,Lannister
692,692,0328,140,19.0,Lannister
693,693,0328,155,20.7,Lannister
694,694,0328,167,22.7,Lannister
695,695,0328,183,23.2,Lannister
696,696,0328,196,25.0,Lannister
697,697,0328,209,25.7,Lannister
698,698,0328,223,26.3,Lannister
699,699,0328,237,27.6,Lannister
700,700,0328,251,27.9,Lannister
701,701,0409,1,2.3,Boffin 2
702,702,0409,5,2.4,Boffin 2
703,703,0409,7,2.5,Boffin 2
704,704,0409,9,2.5,Boffin 2
705,705,0409,14,3.0,Boffin 2
706,706,0409,20,3.6,Boffin 2
707,707,0409,22,4.1,Boffin 2
708,708,0409,27,4.9,Boffin 2
709,709,0409,30,5.5,Boffin 2
710,710,0409,33,6.0,Boffin 2
711,711,0409,35,6.7,Boffin 2
712,712,0409,37,6.8,Boffin 2
713,713,0409,39,7.3,Boffin 2
714,714,0409,40,7.6,Boffin 2
715,715,0409,41,7.9,Boffin 2
716,716,0409,42,7.9,Boffin 2
717,717,0409,44,8.0,Boffin 2
718,718,0409,47,8.3,Boffin 2
719,719,0409,50,9.8,Boffin 2
720,720,0409,54,10.4,Boffin 2
721,721,0409,56,10.5,Boffin 2
722,722,0409,58,10.7,Boffin 2
723,723,0409,61,11.4,Boffin 2
724,724,0409,63,11.4,Boffin 2
725,725,0409,69,11.8,Boffin 2
726,726,0410,1,2.3,Boffin 2
727,727,0410,5,2.0,Boffin 2
728,728,0410,7,2.7,Boffin 2
729,729,0410,9,2.7,Boffin 2
730,730,0410,14,3.2,Boffin 2
731,731,0410,20,3.1,Boffin 2
732,732,0410,22,3.4,Boffin 2
733,733,0410,36,6.4,Boffin 2
734,734,0410,51,9.3,Boffin 2
735,735,0410,63,10.9,Boffin 2
736,736,0411,1,2.4,Boffin 2
737,737,0411,5,2.4,Boffin 2
738,738,0411,7,2.4,Boffin 2
739,739,0411,9,2.9,Boffin 2
740,740,0411,14,2.9,Boffin 2
741,741,0411,20,3.8,Boffin 2
742,742,0411,22,4.3,Boffin 2
743,743,0411,27,5.1,Boffin 2
744,744,0411,30,5.9,Boffin 2
745,745,0411,33,6.2,Boffin 2
746,746,0411,35,6.7,Boffin 2
747,747,0411,37,7.2,Boffin 2
748,748,0411,39,7.5,Boffin 2
749,749,0411,40,7.6,Boffin 2
750,750,0411,41,7.6,Boffin 2
751,751,0411,42,7.8,Boffin 2
752,752,0411,44,8.3,Boffin 2
753,753,0411,47,8.4,Boffin 2
754,754,0411,50,9.8,Boffin 2
755,755,0411,54,9.6,Boffin 2
756,756,0411,56,9.6,Boffin 2
757,757,0411,58,10.2,Boffin 2
758,758,0411,61,10.6,Boffin 2
759,759,0411,63,10.7,Boffin 2
760,760,0411,69,11.7,Boffin 2
761,761,0412,1,2.3,Boffin 2
762,762,0412,5,2.5,Boffin 2
763,763,0412,7,2.6,Boffin 2
764,764,0412,9,2.5,Boffin 2
765,765,0412,14,3.1,Boffin 2
766,766,0412,20,3.6,Boffin 2
767,767,0412,22,3.8,Boffin 2
768,768,0412,27,5.0,Boffin 2
769,769,0412,30,5.5,Boffin 2
770,770,0412,33,5.7,Boffin 2
771,771,0412,35,6.7,Boffin 2
772,772,0412,37,6.9,Boffin 2
773,773,0412,39,7.3,Boffin 2
774,774,0412,40,7.4,Boffin 2
775,775,0412,41,7.5,Boffin 2
776,776,0412,42,7.4,Boffin 2
777,777,0412,44,7.7,Boffin 2
778,778,0412,47,8.1,Boffin 2
779,779,0412,50,8.7,Boffin 2
780,780,0412,54,9.8,Boffin 2
781,781,0412,56,10.6,Boffin 2
782,782,0412,58,10.5,Boffin 2
783,783,0412,61,10.8,Boffin 2
784,784,0412,63,11.3,Boffin 2
785,785,0412,69,12.1,Boffin 2
786,786,0413,1,2.0,Boffin 2
787,787,0413,5,1.8,Boffin 2
788,788,0413,7,2.2,Boffin 2
789,789,0413,9,2.3,Boffin 2
790,790,0413,14,2.9,Boffin 2
791,791,0413,20,3.2,Boffin 2
792,792,0413,22,3.7,Boffin 2
793,793,0413,27,4.6,Boffin 2
794,794,0413,30,5.5,Boffin 2
795,795,0413,33,5.9,Boffin 2
796,796,0413,35,6.4,Boffin 2
797,797,0413,37,6.6,Boffin 2
798,798,0413,39,6.9,Boffin 2
799,799,0413,40,7.0,Boffin 2
800,800,0413,41,7.1,Boffin 2
801,801,0413,42,7.7,Boffin 2
802,802,0413,44,8.1,Boffin 2
803,803,0413,47,8.1,Boffin 2
804,804,0413,50,8.9,Boffin 2
805,805,0413,54,9.6,Boffin 2
806,806,0413,56,10.4,Boffin 2
807,807,0413,58,10.8,Boffin 2
808,808,0413,61,10.8,Boffin 2
809,809,0413,63,11.1,Boffin 2
810,810,0413,69,13.2,Boffin 2
811,811,0414,1,2.3,Boffin 2
812,812,0414,36,6.7,Boffin 2
813,813,0414,51,9.4,Boffin 2
814,814,0414,63,11.1,Boffin 2
815,815,0415,1,2.2,Boffin 2
816,816,0415,5,2.2,Boffin 2
817,817,0415,7,2.5,Boffin 2
818,818,0415,9,2.8,Boffin 2
819,819,0415,14,3.1,Boffin 2
820,820,0415,20,3.5,Boffin 2
821,821,0415,22,4.2,Boffin 2
822,822,0415,27,4.6,Boffin 2
823,823,0415,30,5.5,Boffin 2
824,824,0415,33,6.1,Boffin 2
825,825,0415,35,6.6,Boffin 2
826,826,0415,37,6.8,Boffin 2
827,827,0415,39,7.2,Boffin 2
828,828,0415,40,7.3,Boffin 2
829,829,0415,41,7.6,Boffin 2
830,830,0415,42,7.8,Boffin 2
831,831,0415,44,7.9,Boffin 2
832,832,0415,47,8.3,Boffin 2
833,833,0415,50,9.3,Boffin 2
834,834,0415,54,9.8,Boffin 2
835,835,0415,56,10.4,Boffin 2
836,836,0415,58,10.5,Boffin 2
837,837,0415,61,11.5,Boffin 2
838,838,0415,63,11.2,Boffin 2
839,839,0415,69,12.2,Boffin 2
840,840,0416,1,2.2,Boffin 2
841,841,0416,5,2.0,Boffin 2
842,842,0416,7,2.2,Boffin 2
843,843,0416,9,2.0,Boffin 2
844,844,0416,14,2.3,Boffin 2
845,845,0416,20,2.9,Boffin 2
846,846,0416,22,3.3,Boffin 2
847,847,0416,27,3.9,Boffin 2
848,848,0416,30,4.6,Boffin 2
849,849,0416,33,5.0,Boffin 2
850,850,0416,35,5.6,Boffin 2
851,851,0416,37,5.7,Boffin 2
852,852,0416,39,6.3,Boffin 2
853,853,0416,40,6.3,Boffin 2
854,854,0416,41,6.6,Boffin 2
855,855,0416,42,6.7,Boffin 2
856,856,0416,44,6.8,Boffin 2
857,857,0416,47,7.5,Boffin 2
858,858,0416,50,8.0,Boffin 2
859,859,0416,54,9.4,Boffin 2
860,860,0416,56,9.5,Boffin 2
861,861,0416,58,9.5,Boffin 2
862,862,0416,61,10.4,Boffin 2
863,863,0416,63,10.8,Boffin 2
864,864,0416,69,11.7,Boffin 2
865,865,0417,1,2.3,Boffin 2
866,866,0417,5,2.3,Boffin 2
867,867,0417,7,2.5,Boffin 2
868,868,0417,9,2.8,Boffin 2
869,869,0417,14,3.1,Boffin 2
870,870,0417,20,3.7,Boffin 2
871,871,0417,22,4.1,Boffin 2
872,872,0417,27,5.2,Boffin 2
873,873,0417,30,6.0,Boffin 2
874,874,0417,33,6.3,Boffin 2
875,875,0417,35,6.8,Boffin 2
876,876,0417,37,7.2,Boffin 2
877,877,0417,39,7.4,Boffin 2
878,878,0417,40,7.6,Boffin 2
879,879,0417,41,7.8,Boffin 2
880,880,0417,42,8.0,Boffin 2
881,881,0417,44,8.0,Boffin 2
882,882,0417,47,8.7,Boffin 2
883,883,0417,50,8.9,Boffin 2
884,884,0417,54,10.0,Boffin 2
885,885,0417,56,10.1,Boffin 2
886,886,0417,58,10.4,Boffin 2
887,887,0417,61,10.7,Boffin 2
888,888,0417,63,11.2,Boffin 2
889,889,0417,69,12.7,Boffin 2
890,890,0418,1,2.3,Boffin 2
891,891,0418,5,2.2,Boffin 2
892,892,0418,7,2.5,Boffin 2
893,893,0418,9,2.7,Boffin 2
894,894,0418,14,3.1,Boffin 2
895,895,0418,20,3.6,Boffin 2
896,896,0418,22,3.5,Boffin 2
897,897,0418,27,5.1,Boffin 2
898,898,0418,36,5.9,Boffin 2
899,899,0418,51,8.5,Boffin 2
900,900,0418,63,10.7,Boffin 2
